Country,Year,Under5 ,14years,49years,69years,70years,Agestandardized
Australia,2017,0.298481742,221.3068804,1046.204085,777.4210697,585.6070035,719.4779054