Age,Rate
Under_5(years),0.298481742
5-14(years),221.3068804
15-49(years),1046.204085
50-69(years),777.4210697
70+(years),585.6070035
Age_standardized,719.4779054